threshold,CE,Mbls,Margin
0.0,0.05318138651471985,0.050332383665717,0.045584045584045586
1.0,0.11870845204178537,0.12345679012345678,0.08547008547008547
2.0,0.21462488129154797,0.2924976258309592,0.150997150997151
3.0,0.33143399810066476,0.5156695156695157,0.23266856600189934
4.0,0.49952516619183285,0.761633428300095,0.3570750237416904
5.0,0.6448243114909782,0.9040835707502374,0.4795821462488129
6.0,0.7663817663817664,0.9753086419753086,0.610636277302944
8.0,0.932573599240266,1.0,0.8319088319088319
10.0,0.99335232668566,1.0,0.9544159544159544
